{
  "smartling" : {
    "placeholder_format_custom" : ["\\{.+?\\}"]
  },
  "homepage" : {
    "page_title" : "Radar Cuaca Nasional dan Lokal, Prakiraan Harian, Badai, dan informasi dari The Weather Channel dan weather.com",
    "page_desc" : "The Weather Channel dan weather.com memberikan prakiraan cuaca secara nasional dan lokal untuk perkotaan, sekaligus radar cuaca, laporan, serta liputan angin topan",
    "page_keywords" : "cuaca nasional, prakiraan cuaca nasional, cuaca lokal, prakiraan cuaca lokal, cuaca, prakiraan cuaca, radar cuaca, laporan cuaca, angin topan, weather.com, weather channel"
  },
  "today" : {
    "page_title" : "Prakiraan dan Kondisi Cuaca{dynamicLocName} - The Weather Channel | Weather.com",
    "page_desc" : "Prakiraan cuaca {dynamicLocName}hari ini dan malam ini, kondisi cuaca, dan radar Doppler dari The Weather Channel dan Weather.com",
    "page_keywords" : "cuaca{dynamicLocName}, prakiraan cuaca{dynamicLocName}, kondisi cuaca{dynamicLocName}, prakiraan{dynamicLocName}, weather.com weather channel"
  },
  "hourly" : {
    "page_title" : "Prakiraan Cuaca Per Jam di {dynamicLocName} The Weather Channel | Weather.com",
    "page_desc" : "Prakiraan Cuaca Lokal Per Jam, kondisi cuaca, curah hujan, titik embun, kelembapan, angin dari Weather.com dan The Weather Channel",
    "page_keywords" : "cuaca per jam di {dynamicLocName}, prakiraan cuaca per jam untuk prakiraan @ per jam, weather.com, weather channel"
  },
  "weekend" : {
    "page_title" : "Prakiraan Cuaca Akhir Pekan {dynamicLocName} - The Weather Channel | Weather.com",
    "page_desc" : "prakiraan cuaca akhir pekan {dynamicLocName}, suhu tinggi, suhu rendah, presipitasi, peta cuaca dari The Weather Channel dan Weather.com",
    "page_keywords" : "cuaca akhir pekan{dynamicLocName}, prakiraan cuaca akhir pekan {dynamicLocName}, ramalan cuaca akhir pekan {dynamicLocName}, weather.com weather channel"
  },
  "5day" : {
    "page_title" : "Prakiraan Cuaca per 5 Hari di {dynamicLocName}- The Weather Channel | Weather.com",
    "page_desc" : "prakiraan cuaca per 5 hari {dynamicLocName}, kondisi cuaca, suhu, peluang hujan dari The Weather Channel dan Weather.com",
    "page_keywords" : "cuaca per 5 hari untuk {dynamicLocName}, prakiraan cuaca per 5 hari untuk {dynamicLocName}, {dynamicLocName} 5 hari, cuaca 5 hari {dynamicLocName}, weather.com weather channel"
  },
  "10day" : {
    "page_title" : "Prakiraan Cuaca per 10 Hari {dynamicLocName} - The Weather Channer | Weather.com",
    "page_desc" : "Bersiaplah untuk prakiraan per 10 hari terakurat untuk {dynamicLocName} dilengkapi dengan suhu tinggi, suhu rendah, peluang hujan dari The Weather Channel dan Weather.com",
    "page_keywords" : "cuaca per 10 hari {dynamicLocName}, prakiraan cuaca per 10 hari di{dynamicLocName}, kondisi cuaca{dynamicLocName}, prakiraan cuaca per 10 hari{dynamicLocName}, weather.com, weather channel"
  },
  "maps" : {
    "page_title" : "Peta Cuaca dan Radar {pageLocName} - The Weather Channel | Weather.com",
    "page_desc" : "Peta cuaca {pageLocName} yang interaktif membuat Anda bisa melimbang dan memperbesar untuk mendapatkan detail cuaca yang tidak cocok di daerah sekitar Anda atau belahan dunia lain dari The Weather Channel dan Weather.com",
    "page_keywords" : "interaktif, lokal, radar, cuaca, peta, peta cuaca {pageLocName}, weather.com, weather channel"
  },
  "video" : {
    "page_title" : "Video cuaca from The Weather Channel | Weather.com",
    "page_desc" : "Dapatkan video cuaca terbaru dari The Weather Channel dan Weather.com",
    "page_keywords" : "video cuaca, video weather channel, video sains, video alam raya, video badai, video angin topan, video tornado, video perjalanan, video kesehatan, video iklim, weather.com weather channel"
  },
  "alerts" : {
    "page_title" : "Peringatan Cuaca - The Weather Channel | Weather.com",
    "page_desc" : "Akses cepat ke peringatan cuaca di seluruh {dynamicLocName} dari The Weather Channel dan Weather.com",
    "page_keywords" : "siaga, cuaca buruk, pemantauan, peringatan, anjuran, weather.com weather channel"
  }
}