{
  "smartling" : {
    "placeholder_format_custom" : ["\\{.+?\\}"]
  },
  "homepage" : {
    "page_title" : "Kansallinen ja paikallinen säätutkatiedot, Päiväennusteet ja Hirmumyrskytiedot tarjoaa The Weather Channel ja weather.com",
    "page_desc" : "The Weather Channel ja weather.com tarjoavat kansalliset ja paikalliset sääennusteet kaupunkeihin sekä säätutkan, raportit ja hirmumyrskyvaroitukset",
    "page_keywords" : "kansallinen sää, kansallinen sääennuste, paikallissää, paikallinen sääennuste, sää, sääennuste, säätutka, sääraportti, hirmumyrsky, weather.com, weather channel"
  },
  "today" : {
    "page_title" : "{dynamicLocName} Sääennusteet ja -tiedot - The Weather Channel | Weather.com",
    "page_desc" : "Tämän päivän ja illan {dynamicLocName} sääennuste, sääolosuhteet ja Doppler-tutkatiedot - The Weather Channel ja Weather.com",
    "page_keywords" : "{dynamicLocName} sää, {dynamicLocName}sääennuste, {dynamicLocName} sääolosuhteet, {dynamicLocName}ennuste, weather.com, weather channel"
  },
  "hourly" : {
    "page_title" : "Tuntisääennuste kohteeseen {dynamicLocName} - The Weather Channel | Weather.com",
    "page_desc" : "Paikallinen tuntisääennuste, sääolosuhteet, sademäärä, kastepiste, ilmankosteus ja tuulitiedot - Weather.com ja The Weather Channel",
    "page_keywords" : "Tuntisää kohteeseen {dynamicLocName}, tuntisääennuste kohteeseen @hourly tuntiennuste, weather.com, weather channel"
  },
  "weekend" : {
    "page_title" : "{dynamicLocName} Viikonlopun sääennuste - The Weather Channel | Weather.com",
    "page_desc" : "{dynamicLocName} Viikonlopun sääennuste, korkein lämpötila, alin lämpötila, sademäärä, sääkartat - The Weather Channel ja Weather.com",
    "page_keywords" : "{dynamicLocName} Viikonlopun sää, {dynamicLocName} Viikonlopun sääennuste, {dynamicLocName} viikonlopun sää, weather.com, weather channel"
  },
  "5day" : {
    "page_title" : "5 vrk:n sääennuste kohteeseen {dynamicLocName} - The Weather Channel | Weather.com",
    "page_desc" : "{dynamicLocName} 5 vrk:n sääennuste, sääolosuhteet, lämpötilat, sateen todennäköisyys - The Weather Channel ja Weather.com",
    "page_keywords" : "5 vrk:n sää kohteeseen {dynamicLocName}, 5 vrk:n sääennuste kohteeseen {dynamicLocName}, 5 vrk {dynamicLocName}, 5 vrk:n sää {dynamicLocName}, weather.com, weather channel"
  },
  "10day" : {
    "page_title" : "{dynamicLocName} 10 vrk:n sääennuste - The Weather Channel | Weather.com",
    "page_desc" : "Varaudu tulevaan tarkan 10 vrk:n ennusteen avulla kohteessa {dynamicLocName}. Korkeimmat ja alimmat lämptötilat, sateen todennäköisyys - The Weather Channel ja Weather.com",
    "page_keywords" : "{dynamicLocName} 10 vrk:n sää, {dynamicLocName}10 vrk:n sääennuste {dynamicLocName} sääolosuhteet, {dynamicLocName}10 vrk:n ennuste, weather.com, weather channel"
  },
  "maps" : {
    "page_title" : "{pageLocName} Sää- ja tutkakartta - The Weather Channel | Weather.com",
    "page_desc" : "Interaktiivista {pageLocName} sääkarttaa lähentämällä ja loitontamalla saat tarkat säätiedot omalta alueeltasi tai toiselta puolen maailmaa - The Weather Channel ja Weather.com",
    "page_keywords" : "interaktiivinen, paikallinen, tutka, sää, kartta, {pageLocName} sääkartta, weather.com, weather channel"
  },
  "video" : {
    "page_title" : "Säävideot - The Weather Channel | Weather.com",
    "page_desc" : "Hae uusimmat säävideot kohteesta The Weather Channel ja Weather.com",
    "page_keywords" : "säävideot, sääkanavavideot, tiedevideot, luontoäitivideot, myrskyvideot, hirmumyrskyvideot, tornadovideot, matkavideot, terveysvideot, ilmastovideot, weather.com, weather channel"
  },
  "alerts" : {
    "page_title" : "Säävaroitukset - The Weather Channel | Weather.com",
    "page_desc" : "Nopea pääsy aktiivisiin säähälytyksiin kohteessa {dynamicLocName} - The Weather Channel ja Weather.com",
    "page_keywords" : "hälytykset, vaikeat sääolot, sääseuranta, varoitukset, suositukset, weather.com, weather channel"
  }
}