{
  "smartling" : {
    "placeholder_format_custom" : ["\\{.+?\\}"]
  },
  "homepage" : {
    "page_title" : "Celostátní a místní meteorologický radar, denní předpověď, hurikány a informace o počasí – The Weather Channel a weather.com",
    "page_desc" : "The Weather Channel a weather.com poskytují celostátní a místní předpověď počasí pro města, meteorologický radar, možnost hlášení počasí a informace o hurikánech",
    "page_keywords" : "celostátní počasí, celostátní předpověď počasí, místní počasí, místní předpověď počasí, počasí, předpověď počasí, meteorologický radar, hlášení počasí, hurikán, weather.com, weather channel"
  },
  "today" : {
    "page_title" : "{dynamicLocName} – předpověď počasí a povětrnostní podmínky – The Weather Channel | Weather.com",
    "page_desc" : "Předpověď počasí pro město {dynamicLocName} na dnešek a dnešní noc, povětrnostní podmínky a dopplerovský radar – The Weather Channel a Weather.com",
    "page_keywords" : "počasí ve městě {dynamicLocName}, předpověď počasí pro město {dynamicLocName}, povětrnostní podmínky ve městě {dynamicLocName}, předpověď pro město {dynamicLocName}, weather.com, weather channel"
  },
  "hourly" : {
    "page_title" : "Předpověď na každou hodinu pro město {dynamicLocName} – The Weather Channel | Weather.com",
    "page_desc" : "Místní předpověď počasí pro každou hodinu, povětrnostní podmínky, srážky, rosný bod, vlhkost, vítr – Weather.com a The Weather Channel",
    "page_keywords" : "předpověď pro každou hodinu pro město {dynamicLocName}, předpověď počasí pro každou hodinu pro město @, předpověď pro každou hodinu, weather.com weather channel"
  },
  "weekend" : {
    "page_title" : "Víkendová předpověď počasí pro město {dynamicLocName} – The Weather Channel | Weather.com",
    "page_desc" : "Víkendová předpověď počasí pro město {dynamicLocName}, nejvyšší teplota, nejnižší teplota, srážky, mapa povětrnostních podmínek – The Weather Channel a Weather.com",
    "page_keywords" : "Víkendové počasí ve městě {dynamicLocName}, víkendová předpověď počasí pro město {dynamicLocName}, očekávané víkendové počasí ve městě {dynamicLocName}, weather.com, weather channel"
  },
  "5day" : {
    "page_title" : "5denní předpověď počasí pro město {dynamicLocName} – The Weather Channel | Weather.com",
    "page_desc" : "5denní předpověď počasí pro město {dynamicLocName}, povětrnostní podmínky, teploty, pravděpodobnost srážek – The Weather Channel a Weather.com",
    "page_keywords" : "5denní počasí pro město {dynamicLocName}, 5denní předpověď počasí pro město{dynamicLocName}, 5denní předpověď pro město {dynamicLocName}, 5denní předpověď počasí ve městě {dynamicLocName}, weather.com, weather channel"
  },
  "10day" : {
    "page_title" : "10denní předpověď počasí pro město {dynamicLocName} – The Weather Channel | Weather.com",
    "page_desc" : "Připravte se s nejpřesnější 10denní předpovědí pro město {dynamicLocName} zahrnující nejvyšší a nejnižší teploty a informace o pravděpodobnosti srážek – The Weather Channel a Weather.com",
    "page_keywords" : "10denní počasí pro město {dynamicLocName}, 10denní předpověď počasí pro město{dynamicLocName}, povětrnostní podmínky ve městě {dynamicLocName}, 10denní předpověď pro město {dynamicLocName}, weather.com, weather channel"
  },
  "maps" : {
    "page_title" : "Meteorologická a radarová mapa pro město {pageLocName} – The Weather Channel | Weather.com",
    "page_desc" : "Interaktivní mapa počasí pro město {pageLocName} umožňuje natáčení a přibližování, díky čemuž získáte bezkonkurenčně podrobné informace o počasí ve vašem okolí nebo jinde na světě – The Weather Channel a Weather.com",
    "page_keywords" : "Interaktivní, místní, radar, počasí, mapa, mapa počasí pro město {pageLocName}, weather.com, weather channel"
  },
  "video" : {
    "page_title" : "Videa o počasí – The Weather Channel | Weather.com",
    "page_desc" : "Sledujte nejnovější videa o počasí – The Weather Channel a Weather.com",
    "page_keywords" : "video o počasí, video ze služby weather channel, vědecké video, video o přírodě, video o bouřkách, video o hurikánech, video o tornádech, cestovatelské video, video o zdraví, video o klimatu, weather.com, weather channel"
  },
  "alerts" : {
    "page_title" : "Výstrahy na počasí – The Weather Channel | Weather.com",
    "page_desc" : "Rychlý přístup k aktivním výstrahám o počasí pro celé území státu {dynamicLocName} – The Weather Channel a Weather.com",
    "page_keywords" : "výstrahy, extrémní počasí, sledování, varování, rady, weather.com, weather channel"
  }
}