{
  "smartling" : {
    "placeholder_format_custom" : ["\\{.+?\\}"]
  },
  "homepage" : {
    "page_title" : "Radar del tiempo nacional y local, pronóstico diario, huracanes e información de The Weather Channel y weather.com",
    "page_desc" : "The Weather Channel y weather.com proporcionan el pronóstico nacional y local para las ciudades, el radar del tiempo, reportes y cobertura de huracanes.",
    "page_keywords" : "tiempo nacional, pronóstico nacional del tiempo, tiempo local, pronóstico local del tiempo, tiempo, pronóstico del tiempo, radar del tiempo, reporte del tiempo, huracán, weather.com, weather channel"
  },
  "today" : {
    "page_title" : "Pronóstico del tiempo y condiciones meteorológicas para {dynamicLocName}: The Weather Channel |​ Weather.com",
    "page_desc" : "Pronóstico del tiempo en {dynamicLocName} para hoy y esta noche, condiciones meteorológicas y radar Doppler de The Weather Channel y Weather.com",
    "page_keywords" : "Tiempo en {dynamicLocName}, pronóstico del tiempo para {dynamicLocName}, condiciones meteorológicas en {dynamicLocName}, pronóstico para {dynamicLocName}, weather.com, weather channel"
  },
  "hourly" : {
    "page_title" : "Pronóstico del tiempo por hora para {dynamicLocName}: The Weather Channel |​ Weather.com",
    "page_desc" : "Consulta el pronóstico del tiempo local por hora, las condiciones meteorológicas, la probabilidad de lluvia, el punto de condensación, la humedad y el viento en Weather.com y The Weather Channel.",
    "page_keywords" : "el tiempo por hora para {dynamicLocName}, pronóstico del tiempo por hora para @ pronóstico por hora para, weather.com, weather channel"
  },
  "weekend" : {
    "page_title" : "Pronóstico del tiempo para el fin de semana para {dynamicLocName}: The Weather Channel |​ Weather.com",
    "page_desc" : "Pronóstico del tiempo para el fin de semana para {dynamicLocName}, temperaturas mínima y máxima, probabilidad de lluvia y mapa del tiempo en The Weather Channel y Weather.com",
    "page_keywords" : "Tiempo para el fin de semana en {dynamicLocName}, pronóstico del tiempo para el fin de semana en {dynamicLocName}, previsión del tiempo para el fin de semana en {dynamicLocName}, weather.com, weather channel"
  },
  "5day" : {
    "page_title" : "Pronóstico de {dynamicLocName} para los próximos 5 días: The Weather Channel |​ Weather.com",
    "page_desc" : "Pronóstico del tiempo para los próximos 5 días en {dynamicLocName}, condiciones meteorológicas, temperaturas y probabilidad de lluvia en The Weather Channel y Weather.com",
    "page_keywords" : "El tiempo para los próximos 5 días en {dynamicLocName}, pronóstico del tiempo para los próximos 5 días para {dynamicLocName}, 5 días para {dynamicLocName}, el tiempo para los próximos 5 días en {dynamicLocName}, weather.com, weather channel"
  },
  "10day" : {
    "page_title" : "Pronóstico del tiempo en {dynamicLocName} para los próximos 10 días: The Weather Channel |​ Weather.com",
    "page_desc" : "Prepárate con el pronóstico para los próximos 10 días más preciso para {dynamicLocName}. Consulta la temperatura máxima y mínima y la probabilidad de lluvia en The Weather Channel y Weather.com",
    "page_keywords" : "el tiempo en {dynamicLocName} para los próximos 10 días, pronóstico del tiempo en {dynamicLocName} para los próximos 10 días, condiciones meteorológicas en {dynamicLocName}, pronóstico de {dynamicLocName} para los próximos 10 días, weather.com, weather channel"
  },
  "maps" : {
    "page_title" : "Mapa y radar del tiempo en {pageLocName}: The Weather Channel |​ Weather.com",
    "page_desc" : "El mapa interactivo del tiempo en {pageLocName} te permite deslizarte por el mapa, acercarlo o alejarlo para obtener detalles únicos del tiempo en tu localidad o en cualquier otra parte del mundo mediante The Weather Channel y Weather.com",
    "page_keywords" : "interactivo, local, radar, tiempo, mapa, mapa del tiempo en {pageLocName}, weather.com, weather channel"
  },
  "video" : {
    "page_title" : "Videos del tiempo de The Weather Channel |​ Weather.com",
    "page_desc" : "Obtén los videos más recientes del tiempo en The Weather Channel y Weather.com.",
    "page_keywords" : "video del tiempo, video de weather channel, video de ciencia, video de la Madre Naturaleza, video de tormenta, video de huracán, video de tornado, video de viaje, video de salud, video del clima, weather.com, weather channel"
  },
  "alerts" : {
    "page_title" : "Alerta del tiempo: The Weather Channel | Weather.com",
    "page_desc" : "Acceso rápido a las alertas activas del tiempo en {dynamicLocName} a través de The Weather Channel y Weather.com",
    "page_keywords" : "alertas, tiempo severo, vigilancias, advertencias, avisos, weather.com, weather channel"
  }
}