{
  "smartling" : {
    "placeholder_format_custom" : ["\\{.+?\\}"]
  },
  "homepage" : {
    "page_title" : "National og lokal vejrradar, daglig vejrudsigt, orkaner og information fra The Weather Channel og weather.com",
    "page_desc" : "På The Weather Channel og weather.com kan du finde landsdækkende og lokale vejrudsigter for byer samt vejrradar, rapporter og information om orkaner",
    "page_keywords" : "landsdækkende vejr, landsdækkende vejrudsigt, lokalt vejr, lokal vejrudsigt, vejr, vejrudsigt, vejrradar, vejrrapport, orkan, weather.com, weather channel"
  },
  "today" : {
    "page_title" : "Vejrudsigt og forhold for {dynamicLocName} – The Weather Channel | Weather.com",
    "page_desc" : "Vejrudsigt, vejrforhold og dopplerradar for {dynamicLocName} for i dag og i aften fra The Weather Channel og Weather.com",
    "page_keywords" : "vejr i {dynamicLocName}, vejrudsigt for {dynamicLocName}, vejrforhold i {dynamicLocName}, udsigt for {dynamicLocName}, weather.com, weather channel"
  },
  "hourly" : {
    "page_title" : "Vejrudsigt hver time for {dynamicLocName} – The Weather Channel | Weather.com",
    "page_desc" : "Lokal vejrudsigt hver time, vejrforhold, nedbør, dugpunkt, luftfugtighed, vind fra Weather.com og The Weather Channel",
    "page_keywords" : "vejret hver time for {dynamicLocName}, vejrudsigt hver time for @, prognose hver time, weather.com, weather channel"
  },
  "weekend" : {
    "page_title" : "Weekendens vejrudsigt for {dynamicLocName} – The Weather Channel | Weather.com",
    "page_desc" : "weekendens vejrudsigt for {dynamicLocName}, højeste temperatur, laveste temperatur, nedbør, vejrkort fra The Weather Channel og Weather.com",
    "page_keywords" : "weekendvejr for {dynamicLocName}, weekendens vejrudsigt for {dynamicLocName}, weekendens vejrprognose for {dynamicLocName}, weather.com, weather channel"
  },
  "5day" : {
    "page_title" : "5-dages vejrudsigt for {dynamicLocName} – The Weather Channel | Weather.com",
    "page_desc" : "5-dages vejrudsigt for {dynamicLocName}, vejrforhold, temperaturer, sandsynlighed for nedbør fra The Weather Channel og Weather.com",
    "page_keywords" : "5-dages vejr for {dynamicLocName}, 5-dages vejrudsigt for {dynamicLocName}, 5-dages {dynamicLocName}, 5-dages vejr for {dynamicLocName}, weather.com weather channel"
  },
  "10day" : {
    "page_title" : "10-dages vejrudsigt for {dynamicLocName} – The Weather Channel | Weather.com",
    "page_desc" : "Vær godt forberedt med den mest nøjagtige 10-dages udsigt for {dynamicLocName}, med højeste og laveste temperaturer og sandsynlighed for nedbør fra The Weather Channel og Weather.com",
    "page_keywords" : "10-dages vejr for {dynamicLocName}, 10-dages vejrudsigt for {dynamicLocName}, vejrforhold i {dynamicLocName}, 10-dages prognose for {dynamicLocName}, weather.com weather channel"
  },
  "maps" : {
    "page_title" : "Vejr- og radarkort for {pageLocName} – The Weather Channel | Weather.com",
    "page_desc" : "Med det interaktive vejrkort for {pageLocName} kan du panorere og zoome, så du kan se uovertrufne vejroplysninger for dit lokalområde eller et sted på den anden side af jorden fra The Weather Channel og Weather.com",
    "page_keywords" : "interaktiv, lokal, radar, vejr, kort, vejrkort for {pageLocName}, weather.com, weather channel"
  },
  "video" : {
    "page_title" : "Vejrvideoer fra The Weather Channel | Weather.com",
    "page_desc" : "Få de seneste vejrvideoer fra The Weather Channel og Weather.com",
    "page_keywords" : "vejrvideo, weather channel-video, videnskabelig video, video af moder natur, stormvideo, orkanvideo, tornadovideo, rejsevideo, sundhedsvideo, klimavideo, weather.com weather channel"
  },
  "alerts" : {
    "page_title" : "Vejrvarsler – The Weather Channel | Weather.com",
    "page_desc" : "Hurtig adgang til aktive vejrvarsler i hele {dynamicLocName} fra The Weather Channel og Weather.com",
    "page_keywords" : "varsler, voldsomt vejr, observationer, advarsler, offentlige varsler, weather.com, weather channel"
  }
}