{
  "smartling" : {
    "placeholder_format_custom" : ["\\{.+?\\}"]
  },
  "homepage" : {
    "page_title" : "全國和當地天氣雷達圖、每日預報、颶風和資訊，盡在 The Weather Channel 和 weather.com",
    "page_desc" : "The Weather Channel 和 weather.com 為各城市的居民提供全國及當地天氣預報，也包含天氣雷達圖、報告以及颶風相關報導",
    "page_keywords" : "全國天氣、全國天氣預報、當地天氣、當地天氣預報、天氣、天氣預報、天氣雷達圖、天氣報告、颶風、weather.com、weather channel"
  },
  "today" : {
    "page_title" : "{dynamicLocName}天氣預報和天氣狀況—The Weather Channel | Weather.com ",
    "page_desc" : "今日與今晚的{dynamicLocName}天氣預報、天氣狀況和都卜勒雷達，盡在 The Weather Channel 和 Weather.com",
    "page_keywords" : "{dynamicLocName}天氣、{dynamicLocName}天氣預報、{dynamicLocName}天氣狀況、{dynamicLocName}預報、weather.com、weather channel"
  },
  "hourly" : {
    "page_title" : "{dynamicLocName}每小時天氣預報—The Weather Channel | Weather.com",
    "page_desc" : "每小時當地天氣預報、天氣狀況、降水量、露點、濕度、風速，盡在 Weather.com 和 The Weather Channel",
    "page_keywords" : "{dynamicLocName}每小時天氣、@ 每小時天氣預報、每小時預報、weather.com、weather channel"
  },
  "weekend" : {
    "page_title" : "{dynamicLocName}週末天氣預報—The Weather Channel | Weather.com",
    "page_desc" : "{dynamicLocName}週末天氣預報、高溫、低溫、降水量、天氣圖，盡在 The Weather Channel 和 Weather.com",
    "page_keywords" : "{dynamicLocName}週末天氣、{dynamicLocName}週末天氣預報、{dynamicLocName}週末天氣展望、weather.com、weather channel"
  },
  "5day" : {
    "page_title" : "{dynamicLocName} 5 天天氣預報—The Weather Channel | Weather.com",
    "page_desc" : "{dynamicLocName} 5 天天氣預報、天氣狀況、氣溫、降水機率，盡在 The Weather Channel 和 Weather.com",
    "page_keywords" : "{dynamicLocName} 5 天天氣、{dynamicLocName} 5 天天氣預報、 {dynamicLocName} 5 天、{dynamicLocName} 5 天天氣、weather.com、weather channel"
  },
  "10day" : {
    "page_title" : "{dynamicLocName} 10 天天氣預報—The Weather Channel | Weather.com",
    "page_desc" : "提供您{dynamicLocName}最準確的 10 天天氣預報，以便預先準備，還包括最高溫、最低溫、降水機率，盡在 The Weather Channel 和 Weather.com",
    "page_keywords" : "{dynamicLocName} 10 天天氣、{dynamicLocName} 10 天天氣預報、{dynamicLocName}天氣狀況、{dynamicLocName} 10 天預報、weather.com、weather channel"
  },
  "maps" : {
    "page_title" : "{pageLocName}天氣圖和雷達圖—The Weather Channel | Weather.com",
    "page_desc" : "互動式{pageLocName}天氣圖讓您可以用平移、縮放方式觀看獨一無二的天氣細節，不只是您當地社區，就連半個世界外的地方也能觀測，盡在 The Weather Channel 和 Weather.com",
    "page_keywords" : "互動式、當地、雷達圖、天氣、地圖、{pageLocName}天氣圖、weather.com、weather channel"
  },
  "video" : {
    "page_title" : "天氣影片，盡在 The Weather Channel | Weather.com",
    "page_desc" : "取得最新天氣影片，盡在 The Weather Channel 和 Weather.com",
    "page_keywords" : "天氣影片、weather channel 影片、科普影片、大自然影片、風暴影片、颶風影片、龍捲風影片、旅行影片、保健影片、氣候影片、weather.com、weather channel"
  },
  "alerts" : {
    "page_title" : "天氣警示—The Weather Channel | Weather.com",
    "page_desc" : "快速取得全{dynamicLocName}的動態天氣警示，盡在 The Weather Channel 和 Weather.com",
    "page_keywords" : "警示、惡劣天氣、觀看、警告、諮詢、weather.com、weather channel"
  }
}