{
  "smartling" : {
    "placeholder_format_custom" : ["\\{.+?\\}"]
  },
  "homepage" : {
    "page_title" : "জাতীয় এবং স্থানীয় আবহাওয়া রাডার, দি ওয়েদার চ্যানেল এবং weather.com থেকে দৈনিক পূর্বাভাস, হ্যারিকেন এবং তথ্য",
    "page_desc" : "দি ওয়েদার চ্যানেল এবং weather.com প্রদন করে নগর সমূহের জন্য জাতীয় ও স্থানীয় আবহাওয়ার পূর্বাভাস, সাথে সাথে প্রদান করে আবহাওয়া রাডার, রিপোর্ট এবং হারিকেন কোভারেজ",
    "page_keywords" : "জাতীয় আবহাওয়া, জাতীয় আবহাওয়া পূর্বাভাস, স্থানীয় আবহাওয়া, স্থানীয় আবহাওয়া পূর্বাভাস, আবহাওয়া, আবহাওয়া পূর্বাভাস, আবহাওয়া রাডার, আবহাওয়া রিপোর্ট, হ্যারিকেন, weather.com, ওয়েদার চ্যানেল"
  },
  "today" : {
    "page_title" : "{dynamicLocName} আবহাওয়া পূর্বাভাস এবং পরিস্থিতি-দি ওয়েদার চ্যানেল| Weather.com",
    "page_desc" : "আজকের এবং আজ রাতের {dynamicLocName} আবহাওয়ার পূর্বাভাস, আবহাওয়ার পরিস্থিতি এবং দি ওয়েদার চ্যানেল এবং Weatger.com থেকে ডপ্লার রাডার",
    "page_keywords" : "{dynamicLocName}আবহাওয়া,{dynamicLocName}আবহাওয়ার পূর্বাভাস,{dynamicLocName}আবহাওয়ার পরিস্থিতি,{dynamicLocName}পূর্বাভাস, weather.com, ওয়েদার চ্যানেল"
  },
  "hourly" : {
    "page_title" : "প্রতি ঘন্টার আবহাওয়ার পূর্বাভাস {dynamicLocName} এর জন্য- দি ওয়েদার চ্যানেল | Weather.com",
    "page_desc" : "Weather.com ও দি ওয়েদার চ্যানেল থেকে প্রতি ঘন্টার স্থানীয় আবহাওয়া পূর্বাভাস, আবহাওয়ার পরিস্থিতি, বৃষ্টিপাত, তুষার পাত, আর্দ্রতা, বাতাস",
    "page_keywords" : "{dynamicLocName} প্রতি ঘন্টার পূর্বাভাস @প্রতি ঘন্টার পূর্বাভাস,weather.com, ওয়েদার চ্যানেল"
  },
  "weekend" : {
    "page_title" : "{dynamicLocName} সপ্তাহান্তে আবহাওয়ার পূর্বাভাস-দি ওয়েদার চ্যানেল| Weather.com",
    "page_desc" : "{dynamicLocName}সপ্তাহান্তের আবহাওয়ার পূর্বাভাস, উচ্চ তাপমাত্রা, নিম্ন তাপমাত্রা, বৃষ্টিপাত, আবহাওয়া মানচিত্র দি ওয়েদার চ্যানেল এবং Weather.com থেকে",
    "page_keywords" : "{dynamicLocName} সপ্তাহান্তের আবহাওয়া, {dynamicLocName} সপ্তাহান্তের আবহাওয়ার পূর্বাভাস, {dynamicLocName} সপ্তাহান্তের আবহাওয়ার হালচিত্র, weather.com, আবহাওয়ার চ্যানেল"
  },
  "5day" : {
    "page_title" : "{dynamicLocName} এর ৫-দিনের আবহাওয়ার পূর্বাভাস- দি ওয়েদার চ্যানেল| Weather.com",
    "page_desc" : "{dynamicLocName} এর ৫ দিনের আবহাওয়ার পূর্বাভাস, আবহাওয়ার পরিস্থিতি, তাপমাত্রা, বৃষ্টিপাতের সম্ভাবনা দি ওয়েদার চ্যনেল এবং Weather.com থেকে",
    "page_keywords" : "{dynamicLocName} এর ৫-দিনের আবহাওয়া {dynamicLocName} এর ৫-দিনের আবহাওয়ার পূর্বাভাস {dynamicLocName} ৫-দিন, {dynamicLocName} ৫-দিনের আবহাওয়া weather.com, আবহাওয়ার চ্যানেল"
  },
  "10day" : {
    "page_title" : "{dynamicLocName} ১০-দিনের আবহাওয়া পূর্বাভাস-দি ওয়েদার চ্যানেল | Weather.com",
    "page_desc" : "{dynamicLocName} এর সর্বোচ্চ নিখুঁত ১০-দিনের পূর্বাভাসের জন্য প্রস্তুত থাকুন যেখানে থাকবে দি ওয়েদার চ্যানেল এবং Weather.com এর সর্বোচ্চ, সর্বনিম্ন, বৃষ্টিপাতে সম্ভাবনা ",
    "page_keywords" : "{dynamicLocName} ১০-দিনের আবহাওয়া, {dynamicLocName} ১০-দিনের আবহাওয়া পূর্বাভাস{dynamicLocName} আবহাওয়ার পরিস্থিতি, {dynamicLocName} ১০-দিনের পূর্বাভাস, weather.com, আবহাওয়ার চ্যানেল"
  },
  "maps" : {
    "page_title" : "{pageLocName} আবহাওয়া এবং রাডার মানচিত্র- দি ওয়েদার চ্যানেল | Weather.com",
    "page_desc" : "পারস্পরিক ক্রিয়াশীল {pageLocName} আবহাওয়ার মানচিত্রটিকে কাছে এবং দুরে নিয়ে গেলে তা আপনাকে প্রদান করবে অনন্য আবহাওয়ার বিবরন আপনার স্থানীয় যায়গার অথবা পৃথিবীর অর্ধেক দুরত্বের কোন স্থানের দি ওয়েদার চ্যানেল এবং Weather.com মাধ্যমে",
    "page_keywords" : "পারস্পরিক ক্রিয়াশীল, স্থানীয়, রাডার, আবহাওয়া, মানচিত্র, {pageLocName} আবহাওয়া মানচিত্র, weather.com, আবহাওয়া চ্যানেল"
  },
  "video" : {
    "page_title" : "দি ওয়েদার চ্যানেল | Weather.com এর আবহাওয়ার ভিডিও",
    "page_desc" : "দি ওয়েদার চ্যানেল ও Weather.com থেকে সাম্প্রতিক আবহাওয়া ভিডিও সমূহ বুঝে নিন",
    "page_keywords" : "আবহাওয়ার ভিডিও, আবহাওয়ার ভিডিও চ্যানেল, মাতৃ স্থানীয় ভিডিও, ঝরের ভিডিও, হ্যারিকেন ভিডিও, টর্নেডো ভিডিও, ট্রাভেল ভিডিও, স্বাস্থ্য ভিডিও, পরিবেশ ভিডিও, weather.com, আবহাওয়ার চ্যানেল"
  },
  "alerts" : {
    "page_title" : "আবহাওয়া এলার্টসমূহ-দি ওয়েদার চ্যানেল | Weather.com",
    "page_desc" : "দি ওয়েদার চ্যানেল এবং Weather.com এর মাধ্যমে {dynamicLocName} দিয়ে সচল আবহাওয়ার সতর্কতা ব্যবস্থায় দ্রুত অনুপ্রবেশ",
    "page_keywords" : "এ্যালার্ট, চরম আবহাওয়া, ঘড়িসমূহ, সতর্কতাসমূহ, প্রতিকুলতাসমূহ, weather.com, ওয়েদার চ্যানেল"
  }
}