{
  "smartling" : {
    "placeholder_format_custom" : ["\\{.+?\\}"]
  },
  "homepage" : {
    "page_title" : "Radar meteo național și local, Prognoză zilnică, Uragan și informații de la The Weather Channel și weather.com",
    "page_desc" : "The Weather Channel şi weather.com oferă o prognoză meteo naţională şi locală pentru oraşe, precum şi radar meteorologic, rapoarte şi informaţii privind uraganele",
    "page_keywords" : "vremea naţională, prognoză meteo naţională, vremea locală, prognoză meteo locală, vreme, prognoză meteo, radar meteo, raport meteo, uragan, weather.com, weather channel"
  },
  "today" : {
    "page_title" : "Prognoză şi condiţii meteo pentru {dynamicLocName} - The Weather Channel | Weather.com",
    "page_desc" : "Prognoză meteo, condiţii meteorologice şi radar Doppler de astăzi şi din această noapte pentru {dynamicLocName}, de la The Weather Channel şi Weather.com",
    "page_keywords" : "Vremea în {dynamicLocName}, prognoză meteo pentru {dynamicLocName}, condiţii meteorologice pentru {dynamicLocName}, prognoză pentru {dynamicLocName}, weather.com, weather channel"
  },
  "hourly" : {
    "page_title" : "Prognoză meteo pe oră pentru {dynamicLocName}The Weather Channel | Weather.com",
    "page_desc" : "Prognoză meteo pe ore, condiţii meteo, precipitaţie, punct de rouă, umiditate, vânt de la Weather.com şi The Weather Channel",
    "page_keywords" : "vremea pe ore pentru {dynamicLocName}, prognoză meteo pe ore pentru @, prognoză pe ore, weather.com, weather channel"
  },
  "weekend" : {
    "page_title" : "Prognoză meteo de weekend pentru {dynamicLocName} - The Weather Channel | Weather.com",
    "page_desc" : "Prognoză meteo de weekend pentru {dynamicLocName}, temperaturi ridicate, temperaturi scăzute, precipitaţii, hartă meteo de la The Weather Channel şi Weather.com",
    "page_keywords" : "vremea în weekend pentru {dynamicLocName}, prognoza meteo de weekend pentru {dynamicLocName}, perspectiva meteo de weekend pentru {dynamicLocName}, weather.com, weather channel"
  },
  "5day" : {
    "page_title" : "Prognoză meteo pe 5 zile pentru {dynamicLocName}- The Weather Channel | Weather.com",
    "page_desc" : "Prognoză meteo pe 5 zile pentru {dynamicLocName}, condiţii meteo, temperaturi, şansă de precipitaţii de la The Weather Channel şi Weather.com",
    "page_keywords" : "Vremea pe 5 zile pentru {dynamicLocName}, prognoză meteo pe 5 zile pentru {dynamicLocName}, 5 zile {dynamicLocName}, vremea pe 5 zile {dynamicLocName}, weather.com, weather channel"
  },
  "10day" : {
    "page_title" : "Prognoză meteo pe 10 zile pentru {dynamicLocName} - The Weather Channel | Weather.com",
    "page_desc" : "Fii pregătit(ă) cu cele mai precise prognoze pe 10 zile pentru {dynamicLocName} cu maxime, minime, şanse de precipitaţii de la The Weather Channel şi Weather.com",
    "page_keywords" : "Vremea pe 10 zile pentru {dynamicLocName}, prognoză meteo pe 10 zile pentru {dynamicLocName}, condiţii meteorologice pentru {dynamicLocName}, prognoză pe 10 zile pentru {dynamicLocName}, weather.com, weather channel"
  },
  "maps" : {
    "page_title" : "Hartă meteo și radar pentru {pageLocName} - The Weather Channel | Weather.com",
    "page_desc" : "Harta meteo interactivă pentru {pageLocName} îţi permite să panoramezi, să măreşti, pentru a obţine detalii meteo inegalabile privind zona locală sau privind un loc dintr-o altă parte a lumii de la The Weather Channel şi Weather.com",
    "page_keywords" : "interactivă, local, radar, vreme, hartă, hartă meteo {pageLocName}, weather.com, weather channel"
  },
  "video" : {
    "page_title" : "Videoclipuri despre vreme de la The Weather Channel | Weather.com",
    "page_desc" : "Obţine ultimele videoclipuri meteo de la The Weather Channel şi Weather.com",
    "page_keywords" : "videoclip vreme, videoclip weather channel, videoclip ştiinţă, videoclip mama natură, videoclip furtună, videoclip uragan, videoclip tornadă, videoclip călătorii, videoclip sănătate, videoclip climat, weather.com, weather channel"
  },
  "alerts" : {
    "page_title" : "Alerte meteo - The Weather Channel | Weather.com",
    "page_desc" : "Accesează rapid alerte meteo active de peste tot din {dynamicLocName} de la The Weather Channel şi Weather.com",
    "page_keywords" : "alerte, fenomene meteo severe, urmărire, avertizări, sfaturi, weather.com, weather channel"
  }
}