{
  "smartling" : {
    "placeholder_format_custom" : ["\\{.+?\\}"]
  },
  "homepage" : {
    "page_title" : "The Weather Channel 및 weather.com이 제공하는 국가 및 지역 기상 레이더, 일일 예보, 태풍과 날씨 채널 및 정보",
    "page_desc" : "The Weather Channel과 weather.com은 날씨 레이더, 보고서 및 허리케인 범위뿐만 아니라 전국 및 도시별 일기예보를 제공합니다.",
    "page_keywords" : "전국 날씨, 전국 일기예보, 지역 날씨, 지역 일기예보, 날씨, 일기예보, 날씨 레이더, 날씨 보고서, 허리케인, weather.com, weather channel"
  },
  "today" : {
    "page_title" : "{dynamicLocName} 일기예보 및 날씨 - The Weather Channel | Weather.com",
    "page_desc" : "The Weather Channel 및 Weather.com이 제공하는 오늘과 오늘 밤 {dynamicLocName} 일기예보, 날씨 상태 및 도플러 레이더",
    "page_keywords" : "{dynamicLocName}날씨, {dynamicLocName}일기예보, {dynamicLocName}날씨 상태, {dynamicLocName}예측, weather.com, weather channel"
  },
  "hourly" : {
    "page_title" : "{dynamicLocName}의 시간별 일기 예보 - The Weather Channel | Weather.com",
    "page_desc" : "Weather.com 및 The Weather Channel이 제공하는 지역의 시간별 일기예보, 날씨 상태, 강수량, 이슬점, 습도, 바람",
    "page_keywords" : "{dynamicLocName}의 시간별 날씨, @시간별 일기예보,시간별 예상, weather.com, weather channel"
  },
  "weekend" : {
    "page_title" : "{dynamicLocName}주말 일기예보 - The Weather Channel | Weather.com",
    "page_desc" : "{dynamicLocName}주말 일기예보, 최고온, 최저온, 강수량, 날씨 지도 - The Weather Channel 및 Weather.com 제공",
    "page_keywords" : "{dynamicLocName}주말 날씨, {dynamicLocName}주말 일기예보, {dynamicLocName}주말 날씨 전망, weather.com, weather channel"
  },
  "5day" : {
    "page_title" : "{dynamicLocName}의 5일 일기예보- The Weather Channel | Weather.com",
    "page_desc" : "{dynamicLocName} 5일 일기예보, 날씨 상태, 온도, 강수 확률 - Weather Channel 및 Weather.com 제공",
    "page_keywords" : "{dynamicLocName}의 5일 날씨 {dynamicLocName}의 5일 일기예보 {dynamicLocName}의 5일 {dynamicLocName} 5일 날씨 weather.com, weather channel"
  },
  "10day" : {
    "page_title" : "{dynamicLocName} 10일 일기예보 - The Weather Channel | Weather.com",
    "page_desc" : "Weather Channel 및 Weather.com의 가장 정확한 최고온, 최저온, 강수 확률 정보가 제공되는 {dynamicLocName} 10일 일기예보로 준비하세요",
    "page_keywords" : "{dynamicLocName}10일 날씨, {dynamicLocName}10일 일기예보 {dynamicLocName}날씨 상태, {dynamicLocName}10일 예측, weather.com, weather channel"
  },
  "maps" : {
    "page_title" : "{pageLocName} 날씨 및 레이더 지도 - The Weather Channel | Weather.com",
    "page_desc" : "대화식 {pageLocName} 날씨 지도를 활용하면 현지와 지구 반대편의 날씨를 매우 자세하게 확대하여 살펴볼 수 있습니다. - The Weather Channel 및 Weather.com 제공",
    "page_keywords" : "대화식, 지역, 레이더, 날씨, 지도, {pageLocName} 날씨 지도, weather.com, weather channel"
  },
  "video" : {
    "page_title" : "The Weather Channel | Weather.com 제공 날씨 동영상",
    "page_desc" : "The Weather Channel 및 Weather.com이 제공하는 최신 날씨 동영상 시청",
    "page_keywords" : "날씨 동영상, 날씨 채널 동영상, 과학 동영상, 대자연 동영상, 폭풍우 동영상, 허리케인 동영상, 토네이도 동영상, 여행 동영상, 건강 동영상, 기후 동영상, weather.com, weather channel"
  },
  "alerts" : {
    "page_title" : "날씨 경보 - The Weather Channel | Weather.com",
    "page_desc" : "The Weather Channel 및 Weather.com이 제공하는 {dynamicLocName} 전역의 활성 날씨 경보에 빠른 액세스",
    "page_keywords" : "경보, 악천후, 주의, 경고, 주의보, weather.com, weather channel"
  }
}