{
  "smartling" : {
    "placeholder_format_custom" : ["\\{.+?\\}"]
  },
  "homepage" : {
    "page_title" : "Nationell och lokal väderradar, daglig prognos, orkan och information från The Weather Channel och weather.com",
    "page_desc" : "The Weather Channel och weather.com tillhandahåller nationella och lokala väderprognoser för städer, men även väderradar, rapporter och orkanbevakning",
    "page_keywords" : "nationellt väder, nationell väderprognos, lokalt väder, lokal väderprognos, väder, väderprognos, väderradar, väderrapport, orkan, weather.com, weather channel"
  },
  "today" : {
    "page_title" : "Väderprognos och -förhållanden för{dynamicLocName} – The Weather Channel | Weather.com",
    "page_desc" : "Dagens och kvällens väderprognos, väderförhållanden och Dopplerradar för {dynamicLocName} från The Weather Channel och Weather.com",
    "page_keywords" : "väder för {dynamicLocName}, väderprognos för {dynamicLocName}, väderförhållanden för {dynamicLocName}, prognos för {dynamicLocName}, weather.com, weather channel"
  },
  "hourly" : {
    "page_title" : "Timvis väderprognos för {dynamicLocName} – The Weather Channel | Weather.com",
    "page_desc" : "Lokal väderprognos timme för timme, väderförhållanden, nederbörd, daggpunkt, luftfuktighet, vind från Weather.com och The Weather Channel",
    "page_keywords" : "timvis väder för {dynamicLocName}, timvis väderprognos för {dynamicLocName}, timvis prognos, weather.com, weather channel"
  },
  "weekend" : {
    "page_title" : "Helgväderprognos för {dynamicLocName} – The Weather Channel | Weather.com",
    "page_desc" : "helgväderprognos, högsta temperatur, lägsta temperatur, nederbörd, väderkarta för {dynamicLocName} från The Weather Channel och Weather.com",
    "page_keywords" : "helgväder för {dynamicLocName}, helgväderprognos för {dynamicLocName}, helgväderutsikter för {dynamicLocName}, weather.com, weather channel"
  },
  "5day" : {
    "page_title" : "5-dagars väderprognos för {dynamicLocName} – The Weather Channel | Weather.com",
    "page_desc" : "5-dagars väderprognos, väderförhållanden, temperaturer, nederbördsrisk för {dynamicLocName} från The Weather Channel och Weather.com",
    "page_keywords" : "5-dagars väder för {dynamicLocName}, 5-dagars väderprognos för {dynamicLocName} 5-dagars {dynamicLocName}, 5-dagars väder {dynamicLocName} weather.com, weather channel"
  },
  "10day" : {
    "page_title" : "10-dagars väderprognos för {dynamicLocName} – The Weather Channel | Weather.com",
    "page_desc" : "Var redo med den mest exakta 10-dagarsprognosen för {dynamicLocName} med högsta och lägsta temperaturer och nederbördsrisk från The Weather Channel och Weather.com",
    "page_keywords" : "10-dagars väder för {dynamicLocName}, 10-dagars väderprognos för {dynamicLocName}, väderförhållanden för {dynamicLocName}, 10-dagars prognos för {dynamicLocName}, weather.com, weather channel"
  },
  "maps" : {
    "page_title" : "Väder- och radarkarta för {pageLocName} – The Weather Channel | Weather.com",
    "page_desc" : "Med den interaktiva väderkartan för {pageLocName} kan du panorera och zooma för oöverträffade väderdetaljer i ditt område eller på andra sidan jordklotet från The Weather Channel och Weather.com",
    "page_keywords" : "interaktiv, lokal, radar, väder, karta, väderkarta över {pageLocName}, weather.com, weather channel"
  },
  "video" : {
    "page_title" : "Väderfilmer från The Weather Channel | Weather.com",
    "page_desc" : "Se de senaste väderfilmerna från The Weather Channel och Weather.com",
    "page_keywords" : "väderfilm, weather channel-film, vetenskapsfilm, moder jord-film, ovädersfilm, orkanfilm, tornadofilm, resefilm, hälsofilm, klimatfilm, weather.com, weather channel"
  },
  "alerts" : {
    "page_title" : "Vädervarningar – The Weather Channel | Weather.com",
    "page_desc" : "Snabb tillgång till aktiva vädervarningar för hela {dynamicLocName} från The Weather Channel och Weather.com",
    "page_keywords" : "meddelanden, extremt väder, bevakning, varningar, upplysning, weather.com, weather channel"
  }
}