{
  "smartling" : {
    "placeholder_format_custom" : ["\\{.+?\\}"]
  },
  "homepage" : {
    "page_title" : "Národná a lokálna mapa počasia, denná predpoveď, hurikány a informácie od The Weather Channel a weather.com",
    "page_desc" : "The Weather Channel a weather.com poskytujú národnú a miestnu predpoveď počasia pre mestá, radar počasia a pokrytie správ v súvislosti s hurikánmi",
    "page_keywords" : "národné počasie, národná predpoveď počasia, lokálne počasie, lokálna predpoveď počasia, počasie, predpoveď počasia, radar počasia, správa o počasí, hurikán, weather.com weather channel"
  },
  "today" : {
    "page_title" : "Predpoveď počasia a podmienky ({dynamicLocName}) - The Weather Channel | Weather.com",
    "page_desc" : "Predpoveď počasia na dnešný deň a noc v {dynamicLocName}, poveternostné podmienky a dopplerov radar z The Weather Channel a Weather.com",
    "page_keywords" : "Počasie v {dynamicLocName}, predpoveď počasia pre {dynamicLocName}, poveternostné podmienky pre {dynamicLocName}, predpoveď pre {dynamicLocName}, weather.com weather channel"
  },
  "hourly" : {
    "page_title" : "Hodinová predpoveď počasia pre {dynamicLocName} - The Weather Channel | Weather.com",
    "page_desc" : "Hodinová lokálna predpoveď počasia, poveternostné podmienky, precipitacia, rosný bod, vlhkosť, vietor z Weather.com a The Weather Channel",
    "page_keywords" : "hodinové počasia pre {dynamicLocName}, hodinová predpoveď počasia pre @, hodinová predpoveď, weather.com, weather channel"
  },
  "weekend" : {
    "page_title" : "Víkendová predpoveď počasia pre {dynamicLocName} - The Weather Channel | Weather.com",
    "page_desc" : "predpoveď počasia na víkend pre {dynamicLocName}, vysoká teplota, nízka teplota, precipitácia, mapa počasia z The Weather Channel a Weather.com",
    "page_keywords" : "počasie na víkend {dynamicLocName}, predpoveď počasia na víkend pre {dynamicLocName}, vyhliadky počasia na víkend pre {dynamicLocName}, weather.com, weather channel"
  },
  "5day" : {
    "page_title" : "5-dňová predpoveď pre {dynamicLocName} - The Weather Channel | Weather.com",
    "page_desc" : "5-dňová predpoveď počasia pre {dynamicLocName}, poveternostné podmienky, teploty, možnosť zrážok z The Weather Channel a Weather.com",
    "page_keywords" : "Počasie na 5 dní pre {dynamicLocName}, 5-dňová predpoveď počasia pre {dynamicLocName}, 5-dňové pre {dynamicLocName}, Počasie na 5 dní pre {dynamicLocName}, weather.com, weather channel"
  },
  "10day" : {
    "page_title" : "10-dňová predpoveď pre {dynamicLocName} - The Weather Channel | Weather.com",
    "page_desc" : "Buď pripravený vďaka tej najpresnejšej 10-dňovej predpovedi pre {dynamicLocName}, ktorá obsahuje vysoké a nízke teploty či mieru možnosti zrážok z The Weather Channel a Weather.com",
    "page_keywords" : "Počasie na 10 dní pre {dynamicLocName}, 10-dňová predpoveď počasia pre {dynamicLocName}, poveternostné podmienky pre {dynamicLocName}, 10-dňová predpoveď pre {dynamicLocName}, weather.com, weather channel"
  },
  "maps" : {
    "page_title" : "Počasie a mapa počasia pre {pageLocName} - The Weather Channel | Weather.com",
    "page_desc" : "Interaktívna mapa počasia {pageLocName} umožňuje sledovať a zbližšia sa pozerať na bezkonkurenčné podrobnosti o počasí v tvojom okolí, či na druhej strane Zemegule. Zabezpečuje The Weather Channel a Weather.com",
    "page_keywords" : "interaktívne, lokálne, radar, počasie, mapa, mapa počasia pre {pageLocName}, weather.com, weather channel"
  },
  "video" : {
    "page_title" : "Videá o počasí od The Weather Channel | Weather.com",
    "page_desc" : "Získajte najnovšie videá o počasí z The Weather Channel a Weather.com",
    "page_keywords" : "video o počasí, videokanál o počasí, vedecké video, video matky prírody, video búrky, video hurikánu, video o tornáde, cestovateľské video, video o zdraví, video o podnebí, weather.com, weather channel"
  },
  "alerts" : {
    "page_title" : "Upoz. na počasie - The Weather Channel | Weather.com",
    "page_desc" : "Získaj rýchly prístup k aktívnym upozorneniam na počasie v rámci celého {dynamicLocName} od The Weather Channel a Weather.com ",
    "page_keywords" : "upozornenia, nebezpečné počasie, sledovania, výstrahy, odporúčania, weather.com, weather channel"
  }
}