{
  "smartling" : {
    "placeholder_format_custom" : ["\\{.+?\\}"]
  },
  "homepage" : {
    "page_title" : "National and Local Weather Radar, Daily Forecast, Hurricane and information from The Weather Channel and weather.com",
    "page_desc" : "The Weather Channel y weather.com ofrecen el pronóstico nacional y local para las ciudades, el radar del tiempo, reportes y cobertura de huracanes.",
    "page_keywords" : "reporte nacional del tiempo, pronóstico nacional del tiempo, tiempo local, pronóstico del tiempo local, tiempo, pronóstico del tiempo, radar del tiempo, reporte del tiempo, huracán, weather.com, weather channel"
  },
  "today" : {
    "page_title" : "{dynamicLocName} Weather Forecast and Conditions - The Weather Channel | Weather.com",
    "page_desc" : "Today’s and tonight’s {dynamicLocName} weather forecast, weather conditions and Doppler radar from The Weather Channel and Weather.com",
    "page_keywords" : "{dynamicLocName} weather, {dynamicLocName} weather forecast, {dynamicLocName} weather conditions, {dynamicLocName} forecast, weather.com, weather channel"
  },
  "hourly" : {
    "page_title" : "Hourly Weather Forecast for {dynamicLocName} - The Weather Channel | Weather.com",
    "page_desc" : "Pronóstico del tiempo local por hora, condiciones meteorológicas, precipitaciones, punto de condensación, humedad y viento según Weather.com y The Weather Channel",
    "page_keywords" : "hourly weather for {dynamicLocName} hourly weather forecast for @ hourly forecast, weather.com, weather channel"
  },
  "weekend" : {
    "page_title" : "{dynamicLocName} Weekend Weather Forecast - The Weather Channel | Weather.com",
    "page_desc" : "{dynamicLocName} weekend weather forecast, high temperature, low temperature, precipitation, weather map from The Weather Channel and Weather.com",
    "page_keywords" : "{dynamicLocName} weekend weather, {dynamicLocName} weekend weather forecast, {dynamicLocName} weekend weather outlook, weather.com, weather channel"
  },
  "5day" : {
    "page_title" : "5-Day Weather Forecast for {dynamicLocName} - The Weather Channel | Weather.com",
    "page_desc" : "{dynamicLocName} 5-day weather forecast, weather conditions, temperatures, chance of precip from The Weather Channel and Weather.com",
    "page_keywords" : "5-day weather for {dynamicLocName} 5-day weather forecast for {dynamicLocName} 5-day {dynamicLocName} 5-day weather {dynamicLocName} weather.com, weather channel"
  },
  "10day" : {
    "page_title" : "{dynamicLocName} 10-Day Weather Forecast - The Weather Channel | Weather.com",
    "page_desc" : "Be prepared with the most accurate 10-day forecast for {dynamicLocName} with highs, lows, chance of precipitation from The Weather Channel and Weather.com",
    "page_keywords" : "{dynamicLocName} 10-day weather, {dynamicLocName} 10-day weather forecast {dynamicLocName} weather conditions, {dynamicLocName} 10-day forecast, weather.com, weather channel"
  },
  "maps" : {
    "page_title" : "{pageLocName} Weather and Radar Map - The Weather Channel | Weather.com",
    "page_desc" : "Interactive {pageLocName} weather map allows you to pan and zoom to get unmatched weather details in your local neighbourhood or half a world away from The Weather Channel and Weather.com",
    "page_keywords" : "interactivo, local, radar. tiempo, mapa, mapa del tiempo en {pageLocName}, weather.com, weather channel"
  },
  "video" : {
    "page_title" : "Weather videos from The Weather Channel | Weather.com",
    "page_desc" : "Obtén los últimos videos del tiempo de The Weather Channel y Weather.com.",
    "page_keywords" : "weather video, weather channel video, science video, mother nature video, storm video, hurricane video, tornado video, travel video, health video, climate video, weather.com, weather channel"
  },
  "alerts" : {
    "page_title" : "Alertas del tiempo: The Weather Channel | Weather.com",
    "page_desc" : "Quick access to active weather alerts throughout {dynamicLocName} from The Weather Channel and Weather.com",
    "page_keywords" : "alertas, tiempo severo, vistas, advertencias, avisos, weather.com, weather channel"
  }
}