{
  "smartling" : {
    "placeholder_format_custom" : ["\\{.+?\\}"]
  },
  "homepage" : {
    "page_title" : "رادار الطقس الوطني والمحلي، التوقعات اليومية، إعصار والمعلومات من قناة الطقس والموقع weather.com",
    "page_desc" : "القناة الجوية وموقع weather.com يوفران خدمة التنبؤات الجوية القومية والمحلية للمدن، وأيضًا الرادار الجوي والتقارير وخدمة تغطية الأعاصير",
    "page_keywords" : "الجو القومي والتنبؤات الجوية القومية والجو المحلي والتنبؤات الجوية المحلية والجو والتنبؤات الجوية والردار الدوي والتقرير الجوي والأعاصير وموقع weather.com والقناة الجوية القناة الجوية"
  },
  "today" : {
    "page_title" : "التنبؤات والظروف الجوية {dynamicLocName} - القناة الجوية | موقع Weather.com",
    "page_desc" : "التنبؤات الجوية ليوم وليلة {dynamicLocName} والظروف الجوية والرادار المزدوج من القناة الجوية وموقع weather.com",
    "page_keywords" : "جو {dynamicLocName} والتنبؤات الجوية {dynamicLocName} والظروف الجوية {dynamicLocName} والتنبؤات {dynamicLocName} وموقع weather.com القناة الجوية"
  },
  "hourly" : {
    "page_title" : "التنبؤات الجوية بالساعة لكل {dynamicLocName} - القناة الجوية | موقع weather.com",
    "page_desc" : "التنبؤات الجوية المحلية بالساعة، الأحوال الجوية، التوقعات، نقطة الندى، الرطوبة، الريح من موقع weather.com والقناة الجوية",
    "page_keywords" : "الجو بالساعة للتنبؤات الجوية بالساعة {dynamicLocName} للتبؤات الجوية بالساعة @، موقع weather.com، القناة الجوية"
  },
  "weekend" : {
    "page_title" : "{dynamicLocName} التنبؤات الجوية في نهاية الأسبوع - القناة الجوية | موقع weather.com",
    "page_desc" : "{dynamicLocName}التنبؤات الجوية في نهاية الأسبوع، درجة حرارة عالية، درجة حرارة منخفضة، التوقعات، الخريطة الجوية من الريح من القناة الجوية وموقع weather.com",
    "page_keywords" : "{dynamicLocName}الجو في نهاية الأسبوع، {dynamicLocName}التنبؤات الجوية في نهاية الأسبوع،{dynamicLocName}عرض عام للأحوال الجوية في نهاية الأسبوع، موقع weather.com القناة الجوية"
  },
  "5day" : {
    "page_title" : "التوقعات الجوية لمدة 5 أيام لـ {dynamicLocName}- القناة الجوية | موقع weather.com",
    "page_desc" : "{dynamicLocName}التوقعات الجوية لمدة 5 أيام، الأحوال الجوية، درجات الحرارة، فرصة تكاثف من القناة الجوية وموقع weather.com",
    "page_keywords" : "الجو لمدة 5 أيام لـ {dynamicLocName}، التوقعات الجوية لمدة 5 أيام لـ {dynamicLocName}، 5 أيام {dynamicLocName}، الجو لمدة 5 أيام {dynamicLocName}، موقع weather.com القناة الجوية"
  },
  "10day" : {
    "page_title" : "{dynamicLocName}التوقعات الجوية لمدة 10 أيام - القناة الجوية | موقع weather.com",
    "page_desc" : "كن مستعدًا بأكثر التوقعات الجوية دقة لمدة 10 أيام لـ {dynamicLocName}من خلال معرفة درجات الحرارة العالية والمنخفضة وفرص التكاثف من القناة الجوية وموقع weather.com",
    "page_keywords" : "{dynamicLocName}الجو لمدة 10 أيام، {dynamicLocName}التوقعات الجوية لمدة 10 أيام{dynamicLocName}الأحوال الجوية، {dynamicLocName}التوقعات لمدة 10 أيام، موقع weather.com، القناة الجوية"
  },
  "maps" : {
    "page_title" : "{pageLocName} الجو وخريطة رادارية - القناة الجوية | موقع weather.com",
    "page_desc" : "الخريطة الجوية {pageLocName} التفاعلية تسمح لك بتصغير وتكبير العرض للحصول على التفاصيل الجوية في المناطق المجاورة أو في نصف العالم البعيد عنك من من القناة الجوية وموقع weather.com",
    "page_keywords" : "تفاعلية، محلية، رادار، جو، خريطة، {pageLocName} خريطة جوية، موقع weather.com القناة الجوية"
  },
  "video" : {
    "page_title" : "فيديو الطقس من قناة الطقس | موقع Weather.com",
    "page_desc" : "احصل على أحدث أفلام الفيديو من القناة الجوية | موقع weather.com",
    "page_keywords" : "أفلام فيديو للأحوال الجوية، فيديو القناة الجوية، فيديو علمي، فيديو طبيعي، فيديو عاصفة، فيديو إعصار، فيديو تورنادو، فيديو رحلات، فيديو الصحة، فيديو المناخ، موقع weather.com، القناة الجوية"
  },
  "alerts" : {
    "page_title" : "التحذيرات الجوية - القناة الجوية | موقع weather.com",
    "page_desc" : "الوصول السريع إلى التنبيهات الطقس نشطة في جميع أنحاء {dynamicLocName} من قناة الطقس وموقع Weather.com",
    "page_keywords" : "التنبيهات، الأحوال الجوية الشديدة، المراقبات، التحذيرات، النصائح، موقع weather.com، القناة الجوية"
  }
}